{
    "__comment": "Model generated using MrCrayfish's Model Creator (https://mrcrayfish.com/tools?id=mc)",
    "textures": {
        "particle": "blocks/leaves_sakura",
        "0": "blocks/leaves_sakura"
    },
    "display": {
        "head": {
            "rotation": [ 0, 0, 0 ],
            "translation": [ 0, 0, 0 ],
            "scale": [ 1, 1, 1 ]
        },
        "firstperson_righthand": {
            "rotation": [ 0, 45, 0 ],
            "translation": [ 0, 2.5, 0 ],
            "scale": [ 0.4, 0.4, 0.4 ]
        },
        "thirdperson_lefthand": {
            "rotation": [ 75, 225, 0 ],
            "translation": [ 0, 2.5, 0 ],
            "scale": [ 0.375, 0.375, 0.375 ]
        },
        "firstperson_lefthand": {
            "rotation": [ 0, 0, 225 ],
            "translation": [ 0, 2.5, 0 ],
            "scale": [ 0.4, 0.4, 0.4 ]
        },
        "gui": {
            "rotation": [ 30, 225, 0 ],
            "translation": [ 0, 0, 0 ],
            "scale": [ 0.625, 0.625, 0.625 ]
        },
        "ground": {
            "rotation": [ 0, 0, 0 ],
            "translation": [ 0, 3, 0 ],
            "scale": [ 0.25, 0.25, 0.25 ]
        },
        "fixed": {
            "rotation": [ 0, 0, 0 ],
            "translation": [ 0, 0, 0 ],
            "scale": [ 0.5, 0.5, 0.5 ]
        },
        "thirdperson_righthand": {
            "rotation": [ 75, 45, 0 ],
            "translation": [ 0, 2.5, 0 ],
            "scale": [ 0.375, 0.375, 0.375 ]
        }
    },
    "elements": [
        {
            "from": [ 0, 0, 0 ], 
            "to": [ 16, 16, 16 ], 
            "faces": {
                "north": { "texture": "#0", "uv": [ 0, 0, 16, 16 ] },
                "east": { "texture": "#0", "uv": [ 0, 0, 16, 16 ] },
                "south": { "texture": "#0", "uv": [ 0, 0, 16, 16 ] },
                "west": { "texture": "#0", "uv": [ 0, 0, 16, 16 ] },
                "up": { "texture": "#0", "uv": [ 0, 0, 16, 16 ] },
                "down": { "texture": "#0", "uv": [ 0, 0, 16, 16 ] }
            }
        }
    ]
}